id –≤–∏–¥–µ–æ;–ù–∞–∑–≤–∞–Ω–∏–µ –≤–∏–¥–µ–æ;–ü—É–±–ª–∏–∫–∞—Ü–∏—è –≤–∏–¥–µ–æ;–ü—Ä–æ—Å–º–æ—Ç—Ä–æ–≤;–õ–∞–π–∫–æ–≤;–î–∏–∑–ª–∞–π–∫–æ–≤;–ü–æ–ª–æ–∂–∏—Ç–µ–ª—å–Ω—ã—Ö –∫–æ–º–º–µ–Ω—Ç–∞—Ä–∏–µ–≤ (–≤—Å–µ–≥–æ);–ù–µ–≥–∞—Ç–∏–≤–Ω—ã—Ö –∫–æ–º–º–µ–Ω—Ç–∞—Ä–∏–µ–≤ (–≤—Å–µ–≥–æ);–ö–æ–º–º–µ–Ω—Ç–∞—Ä–∏–π
VVULoKYA__Q;–î–æ–Ω–∞–ª—å–¥ –¢—Ä–∞–º–ø: –ø—Ä–∞–≤–¥–∏–≤–∞—è –≥–æ–ª–ª–∏–≤—É–¥—Å–∫–∞—è –∏—Å—Ç–æ—Ä–∏—è;19.06.2015 5:32:54;301782;1718;103;4;4;I support Trump,Trump the best!! I believe Trump Make America Greate Again!!!
VVULoKYA__Q;–î–æ–Ω–∞–ª—å–¥ –¢—Ä–∞–º–ø: –ø—Ä–∞–≤–¥–∏–≤–∞—è –≥–æ–ª–ª–∏–≤—É–¥—Å–∫–∞—è –∏—Å—Ç–æ—Ä–∏—è;19.06.2015 5:32:54;301782;1718;103;4;4;–¢—Ä–∞–º–ø. <a href="https://youtu.be/F4k2heLcsAQ">https://youtu.be/F4k2heLcsAQ</a>
VVULoKYA__Q;–î–æ–Ω–∞–ª—å–¥ –¢—Ä–∞–º–ø: –ø—Ä–∞–≤–¥–∏–≤–∞—è –≥–æ–ª–ª–∏–≤—É–¥—Å–∫–∞—è –∏—Å—Ç–æ—Ä–∏—è;19.06.2015 5:32:54;301782;1718;103;4;4;–ï—Å–ª–∏ –ø—Ä–æ –¢—Ä–∞–º–ø–∞ –±—É–¥–µ—Ç —Ñ–∏–ª—å–º, —Ç–æ –µ–≥–æ –¥–æ–ª–∂–µ–Ω —Å—ã–≥—Ä–∞—Ç—å –∞–∫—Ç–µ—Ä –û—É—ç–Ω –£–∏–ª—Å–æ–Ω
VVULoKYA__Q;–î–æ–Ω–∞–ª—å–¥ –¢—Ä–∞–º–ø: –ø—Ä–∞–≤–¥–∏–≤–∞—è –≥–æ–ª–ª–∏–≤—É–¥—Å–∫–∞—è –∏—Å—Ç–æ—Ä–∏—è;19.06.2015 5:32:54;301782;1718;103;4;4;–•–æ—Ä–æ—à–æ —Ä–∞—Å–ø–∏–∞—Ä–µ–Ω–Ω—ã–π –∞–∫—Ç—ë—Ä  ))))
VVULoKYA__Q;–î–æ–Ω–∞–ª—å–¥ –¢—Ä–∞–º–ø: –ø—Ä–∞–≤–¥–∏–≤–∞—è –≥–æ–ª–ª–∏–≤—É–¥—Å–∫–∞—è –∏—Å—Ç–æ—Ä–∏—è;19.06.2015 5:32:54;301782;1718;103;4;4;&quot;–°–µ–≥–æ–¥–Ω—è –Ω–∞ –ü–∞—Ç—Ä–∏–∞—Ä—à–∏—Ö –±—É–¥–µ—Ç –∏–Ω—Ç–µ—Ä–µ—Å–Ω–∞—è –∏—Å—Ç–æ—Ä–∏—è..&quot;. –ú –ë—É–ª–≥–∞–∫–æ–≤. &quot;–ú–∞—Å—Ç–µ—Ä –∏ –ú–∞—Ä–≥–∞—Ä–∏—Ç–∞&quot;
VVULoKYA__Q;–î–æ–Ω–∞–ª—å–¥ –¢—Ä–∞–º–ø: –ø—Ä–∞–≤–¥–∏–≤–∞—è –≥–æ–ª–ª–∏–≤—É–¥—Å–∫–∞—è –∏—Å—Ç–æ—Ä–∏—è;19.06.2015 5:32:54;301782;1718;103;4;4;–£ –¢—Ä–∞–º–ø–∞ –ª–∏—Ü–æ, –∫–∞–∫ —É —É—Ä–æ–¥–∞. –ù–∞–≤–µ—Ä–Ω–æ, –∫–æ–≥–¥–∞ –∂–µ–Ω–∞ –ø—Ä–∏—Ö–æ–¥–∏—Ç –¥–æ–º–æ–π –∫ –¢—Ä–∞–º–ø—É, —Ç–æ –∏–¥—ë—Ç –±–ª–µ–≤–∞—Ç—å
VVULoKYA__Q;–î–æ–Ω–∞–ª—å–¥ –¢—Ä–∞–º–ø: –ø—Ä–∞–≤–¥–∏–≤–∞—è –≥–æ–ª–ª–∏–≤—É–¥—Å–∫–∞—è –∏—Å—Ç–æ—Ä–∏—è;19.06.2015 5:32:54;301782;1718;103;4;4;–í–æ –≥–ª–∞–≤–µ –ê–º–µ—Ä–∏–∫–∏ –ª—é–±–∏—Ç–µ–ª—å –∂–µ–Ω—â–∏–Ω —É–∂–µ —Ö–æ—Ä–æ—à–∏–π –∑–Ω–∞–∫.
VVULoKYA__Q;–î–æ–Ω–∞–ª—å–¥ –¢—Ä–∞–º–ø: –ø—Ä–∞–≤–¥–∏–≤–∞—è –≥–æ–ª–ª–∏–≤—É–¥—Å–∫–∞—è –∏—Å—Ç–æ—Ä–∏—è;19.06.2015 5:32:54;301782;1718;103;4;4;–°–æ—Å–µ—Ç–µ? –°–æ—Å–∏—Ç–µ-—Å–æ—Å–∏—Ç–µ. –ü—Ä–∏–≤–µ—Ç –∏–∑ 2017 :)))))
VVULoKYA__Q;–î–æ–Ω–∞–ª—å–¥ –¢—Ä–∞–º–ø: –ø—Ä–∞–≤–¥–∏–≤–∞—è –≥–æ–ª–ª–∏–≤—É–¥—Å–∫–∞—è –∏—Å—Ç–æ—Ä–∏—è;19.06.2015 5:32:54;301782;1718;103;4;4;–û–Ω –¥–µ–º–æ–Ω—Å—Ç—Ä–∏—Ä—É–µ—Ç —Å–≤–æ–π —É—Å–ø–µ—Ö —Ç–µ–º, —á—Ç–æ –µ–º—É —É–¥–∞–ª–æ—Å—å —Å–æ–∑–¥–∞—Ç—å –∏–ª–∏ —Ä–∞–∑–≤–∏—Ç—å. –æ –¥–µ–Ω—å–≥–∞—Ö –≥–æ–≤–æ—Ä—è—Ç –∫–∞–∫ –æ —Å–ª–µ–¥—Å—Ç–≤–∏–∏.—Å—Ç–æ–ª—å–∫–æ —Å–æ–∑–¥–∞–ª,–∞ –Ω–µ —Ä–∞–∑–≤–∞–ª–∏–ª
VVULoKYA__Q;–î–æ–Ω–∞–ª—å–¥ –¢—Ä–∞–º–ø: –ø—Ä–∞–≤–¥–∏–≤–∞—è –≥–æ–ª–ª–∏–≤—É–¥—Å–∫–∞—è –∏—Å—Ç–æ—Ä–∏—è;19.06.2015 5:32:54;301782;1718;103;4;4;–û–ø–∞—Å–Ω—ã–π –¥—è–¥—å–∫–∞.–°–Ω–∞—á–∞–ª–∞ —É–±—å–µ—Ç –≤ –ø–æ—Ç–æ–º –±—É–¥–µ—Ç –ø–ª–∞–∫–∞—Ç—å
VVULoKYA__Q;–î–æ–Ω–∞–ª—å–¥ –¢—Ä–∞–º–ø: –ø—Ä–∞–≤–¥–∏–≤–∞—è –≥–æ–ª–ª–∏–≤—É–¥—Å–∫–∞—è –∏—Å—Ç–æ—Ä–∏—è;19.06.2015 5:32:54;301782;1718;103;4;4;—ç—Ç–∞ –∏—Å—Ç–æ—Ä–∏—è –Ω–µ –∏–º–µ–µ—Ç –Ω–∏–∫–∞–∫–æ–≥–æ –æ—Ç–Ω–æ—à–µ–Ω–∏—è –∫ –≥–æ–ª–ª–∏–≤—É–¥—É
VVULoKYA__Q;–î–æ–Ω–∞–ª—å–¥ –¢—Ä–∞–º–ø: –ø—Ä–∞–≤–¥–∏–≤–∞—è –≥–æ–ª–ª–∏–≤—É–¥—Å–∫–∞—è –∏—Å—Ç–æ—Ä–∏—è;19.06.2015 5:32:54;301782;1718;103;4;4;3 –∂–µ–Ω—ã,–∏ –æ–Ω –µ—â—ë –ø—Ä–æ—Ç–∏–≤ –º—É—Å—É–ª—å–º–∞–Ω, –∞ –µ—Å–ª–∏ –±—ã –±–µ–∑ —Ä–∞–∑–≤–æ–¥–æ–≤, –¥–µ—Ç—è–º –±—ã–ª–æ –± –ª–µ–≥—á–µ.
VVULoKYA__Q;–î–æ–Ω–∞–ª—å–¥ –¢—Ä–∞–º–ø: –ø—Ä–∞–≤–¥–∏–≤–∞—è –≥–æ–ª–ª–∏–≤—É–¥—Å–∫–∞—è –∏—Å—Ç–æ—Ä–∏—è;19.06.2015 5:32:54;301782;1718;103;4;4;–¢—Ä–∞–º–ø -–¢–∞–º–ø–ª–∏–µ—Ä –Ω–æ –æ–Ω –º–Ω–µ –≤—Å–µ—Ç–∞–∫–∏ –Ω—Ä–∞–≤–∏—Ç—Å—è –Ω–µ —Å–º–æ—Ç—Ä—è —á—Ç–æ –º—ã —Å–Ω–∏–º –∏–∑ —Ä–∞–∑–Ω–æ–≥–æ –±—Ä–∞—Ç—Å—Ç–≤–∞.
VVULoKYA__Q;–î–æ–Ω–∞–ª—å–¥ –¢—Ä–∞–º–ø: –ø—Ä–∞–≤–¥–∏–≤–∞—è –≥–æ–ª–ª–∏–≤—É–¥—Å–∫–∞—è –∏—Å—Ç–æ—Ä–∏—è;19.06.2015 5:32:54;301782;1718;103;4;4;–ö–∞–∫ –≥–æ–≤–æ—Ä—è—Ç –ø—Ä–æ—Å—Ç–æ –æ–Ω –æ–∫–∞–∑–∞–ª—Å—è –≤ –Ω—É–∂–Ω–æ–µ –≤—Ä–µ–º—è,  –≤ –Ω—É–∂–Ω–æ–º –º–µ—Å—Ç–µ  –∏ —Ç–∞–ª–∞–Ω—Ç.
VVULoKYA__Q;–î–æ–Ω–∞–ª—å–¥ –¢—Ä–∞–º–ø: –ø—Ä–∞–≤–¥–∏–≤–∞—è –≥–æ–ª–ª–∏–≤—É–¥—Å–∫–∞—è –∏—Å—Ç–æ—Ä–∏—è;19.06.2015 5:32:54;301782;1718;103;4;4;Le vostri figli hanno Batessimo? Io vedo che siete molto  bravo e giusto
VVULoKYA__Q;–î–æ–Ω–∞–ª—å–¥ –¢—Ä–∞–º–ø: –ø—Ä–∞–≤–¥–∏–≤–∞—è –≥–æ–ª–ª–∏–≤—É–¥—Å–∫–∞—è –∏—Å—Ç–æ—Ä–∏—è;19.06.2015 5:32:54;301782;1718;103;4;4;–Ω–∞—Å—Ç–æ—è—â–∏–π –º—É–∂–∏–∫ –¥–æ—Å—Ç–æ–π–Ω—ã–π –ø—Ä–µ–∑–∏–¥–µ–Ω—Ç
VVULoKYA__Q;–î–æ–Ω–∞–ª—å–¥ –¢—Ä–∞–º–ø: –ø—Ä–∞–≤–¥–∏–≤–∞—è –≥–æ–ª–ª–∏–≤—É–¥—Å–∫–∞—è –∏—Å—Ç–æ—Ä–∏—è;19.06.2015 5:32:54;301782;1718;103;4;4;<a href="http://www.youtube.com/watch?v=VVULoKYA__Q&amp;t=2m11s">2:11</a> –ê–ª–µ–∫—Å –ë–æ–ª–¥—É–∏–Ω, –ö–ª–∞–Ω –°–æ–ø—Ä–∞–Ω–æ—Å..
VVULoKYA__Q;–î–æ–Ω–∞–ª—å–¥ –¢—Ä–∞–º–ø: –ø—Ä–∞–≤–¥–∏–≤–∞—è –≥–æ–ª–ª–∏–≤—É–¥—Å–∫–∞—è –∏—Å—Ç–æ—Ä–∏—è;19.06.2015 5:32:54;301782;1718;103;4;4;–¢—ã –±–ª—è—Ç—å —Ñ–∞—à–∏—Å—Ç—ã –ø–∏–¥—Ä–∏–ª–∞ –µ*<b>*</b> –±–ª—è—Ç—å
VVULoKYA__Q;–î–æ–Ω–∞–ª—å–¥ –¢—Ä–∞–º–ø: –ø—Ä–∞–≤–¥–∏–≤–∞—è –≥–æ–ª–ª–∏–≤—É–¥—Å–∫–∞—è –∏—Å—Ç–æ—Ä–∏—è;19.06.2015 5:32:54;301782;1718;103;4;4;–ö—Ç–æ –æ–∑–≤—É—á–∏–≤–∞–µ—Ç –¢—Ä–∞–º–ø–∞ ?
VVULoKYA__Q;–î–æ–Ω–∞–ª—å–¥ –¢—Ä–∞–º–ø: –ø—Ä–∞–≤–¥–∏–≤–∞—è –≥–æ–ª–ª–∏–≤—É–¥—Å–∫–∞—è –∏—Å—Ç–æ—Ä–∏—è;19.06.2015 5:32:54;301782;1718;103;4;4;–ê –æ–Ω –∫—Ä–∞—Å–∞–≤—á–∏–∫. –ë—ã–ª...
VVULoKYA__Q;–î–æ–Ω–∞–ª—å–¥ –¢—Ä–∞–º–ø: –ø—Ä–∞–≤–¥–∏–≤–∞—è –≥–æ–ª–ª–∏–≤—É–¥—Å–∫–∞—è –∏—Å—Ç–æ—Ä–∏—è;19.06.2015 5:32:54;301782;1718;103;4;4;–º–µ–≥–∞ –ø—Ä–µ–∑–∏–¥–µ–Ω—Ç - –Ω–∏—á–µ—Ç–∞ —ç–º–∞–Ω—Å–∏–ø–∏—Ä–æ–≤–∞–Ω–Ω–æ–º—É –æ–±–∞–º–µ —Å –Ω–µ–≥–æ–¥—è–π—Å–∫–∏–º –ø–æ–≤–µ–¥–µ–Ω–∏–µ–º –≤–æ –≤—Å–µ–º –º–∏—Ä–µ
VVULoKYA__Q;–î–æ–Ω–∞–ª—å–¥ –¢—Ä–∞–º–ø: –ø—Ä–∞–≤–¥–∏–≤–∞—è –≥–æ–ª–ª–∏–≤—É–¥—Å–∫–∞—è –∏—Å—Ç–æ—Ä–∏—è;19.06.2015 5:32:54;301782;1718;103;4;4;–ú–µ–Ω—Ç–∞–ª–∏—Ç–µ—Ç –±–æ—Ä—Ü–∞ –∏ –±–æ–π—Ü–∞. –¢–æ, —á—Ç–æ —Å–≤–æ–π—Å—Ç–≤–µ–Ω–Ω–æ –≤—Å–µ–º –∞–º–µ—Ä–∏–∫–∞–Ω—Ü–∞–º-–∫–æ–≤–±–æ—è–º. –ü–æ—Ç–æ–º—É-—Ç–æ –ê–º–µ—Ä–∏–∫–∞ - —Å–∏–ª—å–Ω–∞—è, —Å–≤–æ–±–æ–¥–Ω–∞—è –∏ —Å–∞–º–æ–¥–æ—Å—Ç–∞—Ç–æ—á–Ω–∞—è –¥–µ—Ä–∂–∞–≤–∞.
VVULoKYA__Q;–î–æ–Ω–∞–ª—å–¥ –¢—Ä–∞–º–ø: –ø—Ä–∞–≤–¥–∏–≤–∞—è –≥–æ–ª–ª–∏–≤—É–¥—Å–∫–∞—è –∏—Å—Ç–æ—Ä–∏—è;19.06.2015 5:32:54;301782;1718;103;4;4;–Ω—É –∫–∞–∫? –∫–∞–∫ —Å –Ω–æ–ª—è —Ç–∞–∫ –º–æ–∂–Ω–æ –ø–æ–¥–Ω—è—Ç—Å—è –∞?–Ω–µ –≤–µ—Ä—é...
VVULoKYA__Q;–î–æ–Ω–∞–ª—å–¥ –¢—Ä–∞–º–ø: –ø—Ä–∞–≤–¥–∏–≤–∞—è –≥–æ–ª–ª–∏–≤—É–¥—Å–∫–∞—è –∏—Å—Ç–æ—Ä–∏—è;19.06.2015 5:32:54;301782;1718;103;4;4;–ö–∞–∫ –¥–µ—Ç–∏ –ø–æ—Ö–æ–∂–∏ –Ω–∞ –æ—Ç—Ü–∞! –ö–æ–ø–∏—è!
VVULoKYA__Q;–î–æ–Ω–∞–ª—å–¥ –¢—Ä–∞–º–ø: –ø—Ä–∞–≤–¥–∏–≤–∞—è –≥–æ–ª–ª–∏–≤—É–¥—Å–∫–∞—è –∏—Å—Ç–æ—Ä–∏—è;19.06.2015 5:32:54;301782;1718;103;4;4;—Ç–µ–ø–µ—Ä –ø—Ä–µ–∑–∏–¥–µ–Ω—Ç!! –º—É–∂–∏–∫!!!!!!!üëèüëèüëçüëç
VVULoKYA__Q;–î–æ–Ω–∞–ª—å–¥ –¢—Ä–∞–º–ø: –ø—Ä–∞–≤–¥–∏–≤–∞—è –≥–æ–ª–ª–∏–≤—É–¥—Å–∫–∞—è –∏—Å—Ç–æ—Ä–∏—è;19.06.2015 5:32:54;301782;1718;103;4;4;–≤–æ–ø–ª–æ—â–µ–Ω–∏–µ –∞–º–µ—Ä–∏–∫–∞–Ω—Å–∫–æ–π –º–µ—á—Ç—ã
VVULoKYA__Q;–î–æ–Ω–∞–ª—å–¥ –¢—Ä–∞–º–ø: –ø—Ä–∞–≤–¥–∏–≤–∞—è –≥–æ–ª–ª–∏–≤—É–¥—Å–∫–∞—è –∏—Å—Ç–æ—Ä–∏—è;19.06.2015 5:32:54;301782;1718;103;4;4;–û–ë–û–ñ–ê–Æ –ï–ì–û!–û–ù –í–û –í–°–ï–ú –ù–ê–°–¢–û–Ø–©–ò–ô –ú–£–ñ–ß–ò–ù–ê –ò –û–¢–ö–†–´–¢ –ò –ü–†–Ø–ú –ò –í–°–ï –ü–†–û–ß–ï–ï.–ö–¢–û –ï–ì–û –ù–ï –ü–û–ù–ò–ú–ê–ï–¢ –¢–£–ü–´....–ö–¢–û –ù–ï –õ–Æ–ë–ò–¢ -–¢–£–î–ê –ñ–ï...
VVULoKYA__Q;–î–æ–Ω–∞–ª—å–¥ –¢—Ä–∞–º–ø: –ø—Ä–∞–≤–¥–∏–≤–∞—è –≥–æ–ª–ª–∏–≤—É–¥—Å–∫–∞—è –∏—Å—Ç–æ—Ä–∏—è;19.06.2015 5:32:54;301782;1718;103;4;4;–û–Ω –ø—Ä–∏–º–µ—Ä –¥–ª—è –ø–æ–¥—Ä–∞–∂–∞–Ω–∏—è.–ù–∞—Å—Ç–æ—è—â–∏–π –≥–µ—Ä–æ–π –Ω–∞—à–µ–≥–æ –≤—Ä–µ–º–µ–Ω–∏.
VVULoKYA__Q;–î–æ–Ω–∞–ª—å–¥ –¢—Ä–∞–º–ø: –ø—Ä–∞–≤–¥–∏–≤–∞—è –≥–æ–ª–ª–∏–≤—É–¥—Å–∫–∞—è –∏—Å—Ç–æ—Ä–∏—è;19.06.2015 5:32:54;301782;1718;103;4;4;–ï–º—É –ø—Ä–æ—Å—Ç–æ —Å—Ç–∞–ª–æ —Å–∫—É—á–Ω–æ –∏ –æ–Ω —Ä–µ—à–∏–ª –ø–æ –ø—Ä–∏–∫–æ–ª—É —Å—Ç–∞—Ç—å –ø—Ä–µ–∑–∏–¥–µ–Ω—Ç–æ–º –°–®–ê )))
VVULoKYA__Q;–î–æ–Ω–∞–ª—å–¥ –¢—Ä–∞–º–ø: –ø—Ä–∞–≤–¥–∏–≤–∞—è –≥–æ–ª–ª–∏–≤—É–¥—Å–∫–∞—è –∏—Å—Ç–æ—Ä–∏—è;19.06.2015 5:32:54;301782;1718;103;4;4;—á—Ç–æ–±—ã –Ω–µ –ø–∏—Å–∞–ª–∏ –∏ –≥–æ–≤–æ—Ä–∏–ª–∏, –æ–Ω –∫—Ä—É—Ç.
VVULoKYA__Q;–î–æ–Ω–∞–ª—å–¥ –¢—Ä–∞–º–ø: –ø—Ä–∞–≤–¥–∏–≤–∞—è –≥–æ–ª–ª–∏–≤—É–¥—Å–∫–∞—è –∏—Å—Ç–æ—Ä–∏—è;19.06.2015 5:32:54;301782;1718;103;4;4;The translation to russian is not accurate.  Why?  Too bad.
VVULoKYA__Q;–î–æ–Ω–∞–ª—å–¥ –¢—Ä–∞–º–ø: –ø—Ä–∞–≤–¥–∏–≤–∞—è –≥–æ–ª–ª–∏–≤—É–¥—Å–∫–∞—è –∏—Å—Ç–æ—Ä–∏—è;19.06.2015 5:32:54;301782;1718;103;4;4;–ö–ª–∞—Å—Å–Ω–æ–µ –≤–∏–¥–µ–æ –æ–±–æ –º–Ω–µ ;)
VVULoKYA__Q;–î–æ–Ω–∞–ª—å–¥ –¢—Ä–∞–º–ø: –ø—Ä–∞–≤–¥–∏–≤–∞—è –≥–æ–ª–ª–∏–≤—É–¥—Å–∫–∞—è –∏—Å—Ç–æ—Ä–∏—è;19.06.2015 5:32:54;301782;1718;103;4;4;–ê–º–µ—Ä–∏–∫–∞–Ω—Å–∫–∏–π –ö–∞–¥–¥–∞—Ñ–∏. –ï–º—É –Ω–∞–¥–æ —É –í–æ–≤—ã –æ–¥–æ–ª–∂–∏—Ç—å –†–∞–º–∑–∞–Ω–∞ –¥–ª—è –æ—Ö—Ä–∞–Ω—ãüòÇ
VVULoKYA__Q;–î–æ–Ω–∞–ª—å–¥ –¢—Ä–∞–º–ø: –ø—Ä–∞–≤–¥–∏–≤–∞—è –≥–æ–ª–ª–∏–≤—É–¥—Å–∫–∞—è –∏—Å—Ç–æ—Ä–∏—è;19.06.2015 5:32:54;301782;1718;103;4;4;–ü–æ—á–µ–º—É –¥—É–±–ª–∏—Ä—É—é—Ç –∞–∫—Ç—ë—Ä—ã —Å —Ç–∞–∫–∏–º–∏ –Ω–µ–ø—Ä–∏—è—Ç–Ω—ã–º–∏ –≥–æ–ª–æ—Å–∞–º–∏?
VVULoKYA__Q;–î–æ–Ω–∞–ª—å–¥ –¢—Ä–∞–º–ø: –ø—Ä–∞–≤–¥–∏–≤–∞—è –≥–æ–ª–ª–∏–≤—É–¥—Å–∫–∞—è –∏—Å—Ç–æ—Ä–∏—è;19.06.2015 5:32:54;301782;1718;103;4;4;–í–æ—Ç –æ–Ω –¥–æ–±–∏–ª—Å—è —Å–≤–æ–π —Ü–µ–ª–∏ —Å—Ç–∞–ª –ø—Ä–µ–∑–∏–¥–µ–Ω—Ç–æ–º ,—Ç–æ–ª—å–∫–æ –Ω–µ –∏–∑–≤–µ—Å—Ç–Ω–æ —Å–∫–æ–ª—å–∫–æ –ø—Ä–æ–¥–µ—Ä–∂–∏—Ç—Å—è .
VVULoKYA__Q;–î–æ–Ω–∞–ª—å–¥ –¢—Ä–∞–º–ø: –ø—Ä–∞–≤–¥–∏–≤–∞—è –≥–æ–ª–ª–∏–≤—É–¥—Å–∫–∞—è –∏—Å—Ç–æ—Ä–∏—è;19.06.2015 5:32:54;301782;1718;103;4;4;–ü–æ—Å–ª–µ–¥–Ω—è—è –µ–≥–æ –ß–∏–∫–∞ –æ—á–µ–Ω—å –ø—Ä–∏–ª–∏—á–Ω–∞—è
VVULoKYA__Q;–î–æ–Ω–∞–ª—å–¥ –¢—Ä–∞–º–ø: –ø—Ä–∞–≤–¥–∏–≤–∞—è –≥–æ–ª–ª–∏–≤—É–¥—Å–∫–∞—è –∏—Å—Ç–æ—Ä–∏—è;19.06.2015 5:32:54;301782;1718;103;4;4;–∞–º–µ—Ä–∏–∫–∞ —Å—Ç–∞–Ω–µ—Ç —Å–∏–ª—å–Ω–µ–µ.
VVULoKYA__Q;–î–æ–Ω–∞–ª—å–¥ –¢—Ä–∞–º–ø: –ø—Ä–∞–≤–¥–∏–≤–∞—è –≥–æ–ª–ª–∏–≤—É–¥—Å–∫–∞—è –∏—Å—Ç–æ—Ä–∏—è;19.06.2015 5:32:54;301782;1718;103;4;4;now he is the president!!! how? because he is energetic
VVULoKYA__Q;–î–æ–Ω–∞–ª—å–¥ –¢—Ä–∞–º–ø: –ø—Ä–∞–≤–¥–∏–≤–∞—è –≥–æ–ª–ª–∏–≤—É–¥—Å–∫–∞—è –∏—Å—Ç–æ—Ä–∏—è;19.06.2015 5:32:54;301782;1718;103;4;4;–¢—Ä–∞–º–ø - –º—É–∂–∏–∫! –°—Ä–∞–∑—É –≤–∏–¥–Ω–æ, —á—Ç–æ –Ω–µ –ø–∏–¥–æ—Ä. –ù–∞—á–∞–ª –≤—Å–µ —Å –Ω—É–ª—è, –æ—á–µ–Ω—å —É–≤–∞–∂–∞—é —ç—Ç–æ–≥–æ —á–µ–ª–æ–≤–µ–∫–∞.
VVULoKYA__Q;–î–æ–Ω–∞–ª—å–¥ –¢—Ä–∞–º–ø: –ø—Ä–∞–≤–¥–∏–≤–∞—è –≥–æ–ª–ª–∏–≤—É–¥—Å–∫–∞—è –∏—Å—Ç–æ—Ä–∏—è;19.06.2015 5:32:54;301782;1718;103;4;4;–û–Ω —Å–ª—É—á–∞–π–Ω–æ –Ω–µ –æ—Ç–µ—Ü –û—ç–Ω—É –£–∏–ª—Å–æ–Ω—É. –ü–æ—Ä–∞–∑–∏—Ç–µ–ª—å–Ω–æ–µ —Å—Ö–æ–¥—Å—Ç–≤–æ
VVULoKYA__Q;–î–æ–Ω–∞–ª—å–¥ –¢—Ä–∞–º–ø: –ø—Ä–∞–≤–¥–∏–≤–∞—è –≥–æ–ª–ª–∏–≤—É–¥—Å–∫–∞—è –∏—Å—Ç–æ—Ä–∏—è;19.06.2015 5:32:54;301782;1718;103;4;4;<b>–¢–†–ê–ú–ü –ü–û–ë–ï–î–ò–õ!</b>
VVULoKYA__Q;–î–æ–Ω–∞–ª—å–¥ –¢—Ä–∞–º–ø: –ø—Ä–∞–≤–¥–∏–≤–∞—è –≥–æ–ª–ª–∏–≤—É–¥—Å–∫–∞—è –∏—Å—Ç–æ—Ä–∏—è;19.06.2015 5:32:54;301782;1718;103;4;4;–ù—É —á—Ç–æ–∂, —Å–µ–≥–æ–¥–Ω—è –æ–Ω —Å—Ç–∞–ª –ø—Ä–µ–∑–∏–¥–µ–Ω—Ç–æ–º –°–®–ê, –ø–æ—Å–º–æ—Ç—Ä–∏–º —á–µ–º —ç—Ç–æ –∑–∞–∫–æ–Ω—á–∏—Ç—Å—è
VVULoKYA__Q;–î–æ–Ω–∞–ª—å–¥ –¢—Ä–∞–º–ø: –ø—Ä–∞–≤–¥–∏–≤–∞—è –≥–æ–ª–ª–∏–≤—É–¥—Å–∫–∞—è –∏—Å—Ç–æ—Ä–∏—è;19.06.2015 5:32:54;301782;1718;103;4;4;—Ç–æ—Ç –µ—â–µ  —Ö–æ–¥–æ–∫  —Ç—Ä–∞–º–ø  ,  –≤ –ø–ª–∞–Ω–µ –¥–µ–≤—É—à–µ–∫ –•)
VVULoKYA__Q;–î–æ–Ω–∞–ª—å–¥ –¢—Ä–∞–º–ø: –ø—Ä–∞–≤–¥–∏–≤–∞—è –≥–æ–ª–ª–∏–≤—É–¥—Å–∫–∞—è –∏—Å—Ç–æ—Ä–∏—è;19.06.2015 5:32:54;301782;1718;103;4;4;–ü–æ—Å—Ç–æ—Ç—Ä–∏ —á—Ç–æ –µ–≥–æ –ø–æ—Ç–µ–Ω—Ü–∏–∞–ª—å–Ω—ã–π –≤–∏—Ü–µ-–ø—Ä–µ–∑–∏–¥–µ–Ω—Ç –æ –≤–∞—Å —Å–∫–æ—Ç–∞—Ö –≥–æ–≤–æ—Ä–∏—Ç.<br />–†–∞–∑–º–∞–∂–µ—Ç –∫–∞–∫ –º—Ä–∞–∑—å.
VVULoKYA__Q;–î–æ–Ω–∞–ª—å–¥ –¢—Ä–∞–º–ø: –ø—Ä–∞–≤–¥–∏–≤–∞—è –≥–æ–ª–ª–∏–≤—É–¥—Å–∫–∞—è –∏—Å—Ç–æ—Ä–∏—è;19.06.2015 5:32:54;301782;1718;103;4;4;–ù—Ä–∞–≤–∏—Ç—å—Å—è –æ–Ω –º–Ω–µ, —Ä–∞–∑–≥–∏–ª—å–¥—è–π –º–∏–ª–ª–∏–∞—Ä–¥–µ—Ä. –ó–∞—Ç–æ –æ—Ç–∫—Ä—ã—Ç –∏ –ø—Ä—è–º–æ–ª–∏–Ω–µ–π–Ω—ã–π.–õ—É—á—à–µ –ø—Ä–µ–¥—Å–∫–∞–∑—É–µ–º—ã–π –¢—Ä–∞–º–ø, —á–µ–º –ø—Å–∏—Ö–∞–Ω—É—Ç–∞—è  —Ä–æ–≥–æ–Ω–æ—Å–∫–∞ –ö–ª–∏–Ω—Ç–æ–Ω.
VVULoKYA__Q;–î–æ–Ω–∞–ª—å–¥ –¢—Ä–∞–º–ø: –ø—Ä–∞–≤–¥–∏–≤–∞—è –≥–æ–ª–ª–∏–≤—É–¥—Å–∫–∞—è –∏—Å—Ç–æ—Ä–∏—è;19.06.2015 5:32:54;301782;1718;103;4;4;–ó–∞–ª–æ–≥ —É—Å–ø–µ—Ö–∞- —Ö–æ—Ä–æ—à–∏–µ –æ—Ç–Ω–æ—à–µ–Ω–∏—è —Å —Ä–æ–¥–∏—Ç–µ–ª—è–º–∏ –∏ –¥–µ—Ç—å–º–∏.
VVULoKYA__Q;–î–æ–Ω–∞–ª—å–¥ –¢—Ä–∞–º–ø: –ø—Ä–∞–≤–¥–∏–≤–∞—è –≥–æ–ª–ª–∏–≤—É–¥—Å–∫–∞—è –∏—Å—Ç–æ—Ä–∏—è;19.06.2015 5:32:54;301782;1718;103;4;4;–û–Ω –ø—Ä–∏–Ω–∏–º–∞–µ—Ç —Ç–∞–±–ª–µ—Ç–∫–∏ NZT9
VVULoKYA__Q;–î–æ–Ω–∞–ª—å–¥ –¢—Ä–∞–º–ø: –ø—Ä–∞–≤–¥–∏–≤–∞—è –≥–æ–ª–ª–∏–≤—É–¥—Å–∫–∞—è –∏—Å—Ç–æ—Ä–∏—è;19.06.2015 5:32:54;301782;1718;103;4;4;–ü–æ—Ä–æ—à–µ–Ω–∫–æ —Ç–æ–∂–µ —É—Å–ø–µ—à–Ω—ã–π –±–∏–∑–Ω–µ—Å–º–µ–Ω, –∞ –ø—Ä–µ–∑–∏–¥–µ–Ω—Ç –º–Ω–µ –∫–∞–∂–µ—Ç—Å—è –≥–∞–≤–µ–Ω—ã–π. –°–∞–º –Ω–µ –∏–∑ –£–∫—Ä–∞–∏–Ω—ã.
VVULoKYA__Q;–î–æ–Ω–∞–ª—å–¥ –¢—Ä–∞–º–ø: –ø—Ä–∞–≤–¥–∏–≤–∞—è –≥–æ–ª–ª–∏–≤—É–¥—Å–∫–∞—è –∏—Å—Ç–æ—Ä–∏—è;19.06.2015 5:32:54;301782;1718;103;4;4;–ù–∞ <a href="http://www.youtube.com/watch?v=VVULoKYA__Q&amp;t=42m28s">42:28</a> —Å–ª–µ–≤–∞ –æ—Ç –¢—Ä–∞–º–ø–∞, WTF ???
VVULoKYA__Q;–î–æ–Ω–∞–ª—å–¥ –¢—Ä–∞–º–ø: –ø—Ä–∞–≤–¥–∏–≤–∞—è –≥–æ–ª–ª–∏–≤—É–¥—Å–∫–∞—è –∏—Å—Ç–æ—Ä–∏—è;19.06.2015 5:32:54;301782;1718;103;4;4;–î. –¢—Ä–∞–º–ø - —á–µ–ª–æ–≤–µ–∫ –¥–µ–ª–∞. –û–Ω –¥–æ—Å—Ç–∏–≥ —É—Å–ø–µ—Ö–∞ —Å–≤–æ–∏–º —Ç—Ä—É–¥–æ–º .
VVULoKYA__Q;–î–æ–Ω–∞–ª—å–¥ –¢—Ä–∞–º–ø: –ø—Ä–∞–≤–¥–∏–≤–∞—è –≥–æ–ª–ª–∏–≤—É–¥—Å–∫–∞—è –∏—Å—Ç–æ—Ä–∏—è;19.06.2015 5:32:54;301782;1718;103;4;4;—Ç–∞–∫ —á—Ç–æ –≤—ã—Ö–æ–¥–∏—Ç –≤–∞–Ω–≥–∞ –æ—à–∏–±–ª–∞—Å—å —Å–∫–∞–∑–∞–≤ —á—Ç–æ –ø–æ—Å–ª–µ–¥–Ω–∏–º –ø—Ä–µ–∑–∏–¥–µ–Ω—Ç–æ–º —Å—à–∞ –±—É–¥–µ—Ç —Ç–µ–º–Ω–æ–∫–æ–∂–∏–π
VVULoKYA__Q;–î–æ–Ω–∞–ª—å–¥ –¢—Ä–∞–º–ø: –ø—Ä–∞–≤–¥–∏–≤–∞—è –≥–æ–ª–ª–∏–≤—É–¥—Å–∫–∞—è –∏—Å—Ç–æ—Ä–∏—è;19.06.2015 5:32:54;301782;1718;103;4;4;–î–∞–π –±–æ–≥ —Å—Ç–∞—Ç—å –ø—Ä–µ–∑–∏–¥–µ–Ω—Ç–æ–º –æ—Ö—É–µ–Ω—ã–π –º—É–∂–∏–∫
VVULoKYA__Q;–î–æ–Ω–∞–ª—å–¥ –¢—Ä–∞–º–ø: –ø—Ä–∞–≤–¥–∏–≤–∞—è –≥–æ–ª–ª–∏–≤—É–¥—Å–∫–∞—è –∏—Å—Ç–æ—Ä–∏—è;19.06.2015 5:32:54;301782;1718;103;4;4;–≠—Ç–∞–∫–∏–π —Ü–∏–Ω–∏–∫ –∏ —Ñ–∞–Ω—Ñ–∞—Ä–æ–Ω, –Ω–æ –≤—Å–µ —Ä–∞–≤–Ω–æ –º–æ–ª–æ–¥–µ—Ü, —É–º–µ–µ—Ç –∑–∞—Ä–∞–±–∞—Ç—ã–≤–∞—Ç—å –∏ –æ–±–µ—Å–ø–µ—á–∏–≤–∞—Ç—å —Å–≤–æ—é —Å–µ–º—å—é, –∞ –µ–≥–æ –Ω–µ–¥–æ–±—Ä–æ–∂–µ–ª–∞—Ç–µ–ª–∏ –ø—Ä–æ—Å—Ç–æ –∑–∞–≤–∏–¥—É—é—Ç –µ–º—É
VVULoKYA__Q;–î–æ–Ω–∞–ª—å–¥ –¢—Ä–∞–º–ø: –ø—Ä–∞–≤–¥–∏–≤–∞—è –≥–æ–ª–ª–∏–≤—É–¥—Å–∫–∞—è –∏—Å—Ç–æ—Ä–∏—è;19.06.2015 5:32:54;301782;1718;103;4;4;<b>–ü–†–ò–í–ï–¢ –ò–ó 2016</b>
VVULoKYA__Q;–î–æ–Ω–∞–ª—å–¥ –¢—Ä–∞–º–ø: –ø—Ä–∞–≤–¥–∏–≤–∞—è –≥–æ–ª–ª–∏–≤—É–¥—Å–∫–∞—è –∏—Å—Ç–æ—Ä–∏—è;19.06.2015 5:32:54;301782;1718;103;4;4;—Ñ–∏–ª—å–º –æ —Ç–æ–º, –∫–æ–≥–æ —á–µ—Ä–µ–∑ –≤—Å—é –∂–∏–∑–Ω—å –¥—Ä–∞–ª –¥–æ–Ω–∞–ª—å–¥ —Ç—Ä–∞–º–ø
VVULoKYA__Q;–î–æ–Ω–∞–ª—å–¥ –¢—Ä–∞–º–ø: –ø—Ä–∞–≤–¥–∏–≤–∞—è –≥–æ–ª–ª–∏–≤—É–¥—Å–∫–∞—è –∏—Å—Ç–æ—Ä–∏—è;19.06.2015 5:32:54;301782;1718;103;4;4;–î–∞ –ø–æ–∫–∞–∑–∞–ª–∏ –±—ã —Ç—Ä–∞–º–ø —Å—Ç–∞–≤–∏–ª —Ä–∞–∫–æ–º –≤—Å–µ—Ö —ç—Ç–∏—Ö –ø–µ–∑–¥. –æ—á–µ–Ω—å –∏–Ω—Ç–µ—Ä–µ—Å–Ω–æ
VVULoKYA__Q;–î–æ–Ω–∞–ª—å–¥ –¢—Ä–∞–º–ø: –ø—Ä–∞–≤–¥–∏–≤–∞—è –≥–æ–ª–ª–∏–≤—É–¥—Å–∫–∞—è –∏—Å—Ç–æ—Ä–∏—è;19.06.2015 5:32:54;301782;1718;103;4;4;–°–∫–æ–ª—å–∫–æ –≤—Ä–µ–º–µ–Ω–∏ –∑–∞–Ω–∏–º–∞–µ—Ç —Ä–∞—Å—Å–∫–∞–∑ –æ –¥—ã—Ä–µ, –≤ –∫–æ—Ç–æ—Ä–æ–π –±—ã–≤–∞–ª —Ç—Ä–∞–º–ø –∏ –æ –ø–æ—Å–ª–µ–¥—Å—Ç–≤–∏—è—Ö —ç—Ç–∏—Ö –±—ã–≤–∞–Ω–∏–π. –∑–∞—á–µ–º –º–Ω–µ –∑–Ω–∞—Ç—å –æ –µ–≥–æ –µ–±–∞–Ω–æ–π –∂–µ–Ω–µ –∏ –æ –µ–≥–æ –µ–±–∞–Ω—ã–π –¥–µ—Ç—è—Ö?
VVULoKYA__Q;–î–æ–Ω–∞–ª—å–¥ –¢—Ä–∞–º–ø: –ø—Ä–∞–≤–¥–∏–≤–∞—è –≥–æ–ª–ª–∏–≤—É–¥—Å–∫–∞—è –∏—Å—Ç–æ—Ä–∏—è;19.06.2015 5:32:54;301782;1718;103;4;4;–û—Å–æ–±–µ–Ω–Ω–æ –±–ª–µ–≤–æ—Ç–Ω–æ –≤—ã–≥–ª—è–¥–∏—Ç —Å—Ç–∞—Ä–∞—è –ø–æ–Ω–æ—à–µ–Ω–Ω–∞—è –∫–æ—à–µ–ª–∫–∞ –¢–ü –≤ –∫—Ä–∞—Å–Ω–æ–º –ø–∏–¥–∂–∞–∫–µ —Å–æ —Å–≤–æ–∏–º–∏ –∫–æ–º–º–µ–Ω—Ç–∞–º–∏. –Ω–∞–≤–µ—Ä–Ω–æ–µ —Å–æ–∂–∞–ª–µ–µ—Ç, —á—Ç–æ –Ω–µ —Å–º–æ–≥–ª–∞ –ø–æ—Å–æ—Å–∞—Ç—å —É –¢—Ä–∞–º–ø–∞...
VVULoKYA__Q;–î–æ–Ω–∞–ª—å–¥ –¢—Ä–∞–º–ø: –ø—Ä–∞–≤–¥–∏–≤–∞—è –≥–æ–ª–ª–∏–≤—É–¥—Å–∫–∞—è –∏—Å—Ç–æ—Ä–∏—è;19.06.2015 5:32:54;301782;1718;103;4;4;–ì–î–Ñ –ï–¢–ê –ü–†–û–ì–†–ê–ú–ê –£–ß–ï–ù–ò–ö
VVULoKYA__Q;–î–æ–Ω–∞–ª—å–¥ –¢—Ä–∞–º–ø: –ø—Ä–∞–≤–¥–∏–≤–∞—è –≥–æ–ª–ª–∏–≤—É–¥—Å–∫–∞—è –∏—Å—Ç–æ—Ä–∏—è;19.06.2015 5:32:54;301782;1718;103;4;4;–ì–†–ï –ï–¢–ê –ü–†–û–ì–†–ê–ú–ê –£–ß–ï–ù–ò–ö
VVULoKYA__Q;–î–æ–Ω–∞–ª—å–¥ –¢—Ä–∞–º–ø: –ø—Ä–∞–≤–¥–∏–≤–∞—è –≥–æ–ª–ª–∏–≤—É–¥—Å–∫–∞—è –∏—Å—Ç–æ—Ä–∏—è;19.06.2015 5:32:54;301782;1718;103;4;4;trump you are the best it will be a biiig mistake  if you not win
VVULoKYA__Q;–î–æ–Ω–∞–ª—å–¥ –¢—Ä–∞–º–ø: –ø—Ä–∞–≤–¥–∏–≤–∞—è –≥–æ–ª–ª–∏–≤—É–¥—Å–∫–∞—è –∏—Å—Ç–æ—Ä–∏—è;19.06.2015 5:32:54;301782;1718;103;4;4;&quot;–°–∞–º—ã–π –∑–Ω–∞–º–µ–Ω–∏—Ç—ã–π —á–µ–ª–æ–≤–µ–∫ –≤ –ú–ò–†–ï&quot; –ù–¥–∞... –∞–º–±–∏—Ü–∏–∏ –ø—Ä–æ—Å—Ç–æ —á–µ—Ä–µ–∑ –∫—Ä–∞–π. –û–±—ã—á–Ω—ã–π —à–æ—É man
VVULoKYA__Q;–î–æ–Ω–∞–ª—å–¥ –¢—Ä–∞–º–ø: –ø—Ä–∞–≤–¥–∏–≤–∞—è –≥–æ–ª–ª–∏–≤—É–¥—Å–∫–∞—è –∏—Å—Ç–æ—Ä–∏—è;19.06.2015 5:32:54;301782;1718;103;4;4;—Ö–æ—Ä–æ—à–∞—è —Ä–µ–∫–ª–∞–º–∞ –¥–ª—è –≤—ã–±–æ—Ä–æ–≤)
VVULoKYA__Q;–î–æ–Ω–∞–ª—å–¥ –¢—Ä–∞–º–ø: –ø—Ä–∞–≤–¥–∏–≤–∞—è –≥–æ–ª–ª–∏–≤—É–¥—Å–∫–∞—è –∏—Å—Ç–æ—Ä–∏—è;19.06.2015 5:32:54;301782;1718;103;4;4;–µ–≥–æ –æ—Ç–µ—Ü –ø—Ä—è–º –æ—á–µ—Ä–æ–≤–∞—à–∫–∞))
VVULoKYA__Q;–î–æ–Ω–∞–ª—å–¥ –¢—Ä–∞–º–ø: –ø—Ä–∞–≤–¥–∏–≤–∞—è –≥–æ–ª–ª–∏–≤—É–¥—Å–∫–∞—è –∏—Å—Ç–æ—Ä–∏—è;19.06.2015 5:32:54;301782;1718;103;4;4;–ø—Ä—è—è–º–æ –∫–∞–∫ –ø—É—Ç–∏–Ω —Å–µ–≥–æ–¥–Ω—è))
VVULoKYA__Q;–î–æ–Ω–∞–ª—å–¥ –¢—Ä–∞–º–ø: –ø—Ä–∞–≤–¥–∏–≤–∞—è –≥–æ–ª–ª–∏–≤—É–¥—Å–∫–∞—è –∏—Å—Ç–æ—Ä–∏—è;19.06.2015 5:32:54;301782;1718;103;4;4;—è –∑–∞ —Ç—Ä–∞–º–ø–∞ –≥–æ–ª–æ—Å—É—é –æ–Ω –ø—Ä–µ–∑–∏–¥–µ–Ω—Ç–æ–º –±—É–¥–µ—Ç
VVULoKYA__Q;–î–æ–Ω–∞–ª—å–¥ –¢—Ä–∞–º–ø: –ø—Ä–∞–≤–¥–∏–≤–∞—è –≥–æ–ª–ª–∏–≤—É–¥—Å–∫–∞—è –∏—Å—Ç–æ—Ä–∏—è;19.06.2015 5:32:54;301782;1718;103;4;4;–∞ –º–Ω–µ —Ç—Ä–∞–º–ø —Å–∏–º–ø–∞—Ç–∏—á–µ–Ω.–ø–æ–∂–µ–ª–∞—é –µ–º—É –ø–æ–±–µ–¥—ã –Ω–∞ –≤—ã–±–æ—Ä–∞—Ö,–ø—É—Å—Ç—å –æ–Ω —Å—Ç–∞–Ω–µ—Ç —Ö–æ—Ä–æ—à–∏–º –ø—Ä–µ–∑–∏–¥–µ–Ω—Ç–æ–º –¥–ª—è —Å–≤–æ–µ–π —Å—Ç—Ä–∞–Ω—ã,–∞ –¥–ª—è –Ω–∞—à–µ–π –†–æ—Å—Å–∏–∏ —Ö–æ—Ä–æ—à–∏–º –¥—Ä—É–≥–æ–º!
VVULoKYA__Q;–î–æ–Ω–∞–ª—å–¥ –¢—Ä–∞–º–ø: –ø—Ä–∞–≤–¥–∏–≤–∞—è –≥–æ–ª–ª–∏–≤—É–¥—Å–∫–∞—è –∏—Å—Ç–æ—Ä–∏—è;19.06.2015 5:32:54;301782;1718;103;4;4;–∞ –º–Ω–µ —Ç—Ä–∞–º–ø —Å–∏–º–ø–∞—Ç–∏—á–µ–Ω.–ø–æ–∂–µ–ª–∞—é –µ–º—É –ø–æ–±–µ–¥—ã –Ω–∞ –≤—ã–±–æ—Ä–∞—Ö,–ø—É—Å—Ç—å –æ–Ω —Å—Ç–∞–Ω–µ—Ç —Ö–æ—Ä–æ—à–∏–º –ø—Ä–µ–∑–∏–¥–µ–Ω—Ç–æ–º –¥–ª—è —Å–≤–æ–µ–π —Å—Ç—Ä–∞–Ω—ã,–∞ –¥–ª—è –Ω–∞—à–µ–π –†–æ—Å—Å–∏–∏ —Ö–æ—Ä–æ—à–∏–º –¥—Ä—É–≥–æ–º!
VVULoKYA__Q;–î–æ–Ω–∞–ª—å–¥ –¢—Ä–∞–º–ø: –ø—Ä–∞–≤–¥–∏–≤–∞—è –≥–æ–ª–ª–∏–≤—É–¥—Å–∫–∞—è –∏—Å—Ç–æ—Ä–∏—è;19.06.2015 5:32:54;301782;1718;103;4;4;–ø—Ä–µ–¥–≤—ã–±–æ—Ä–Ω—ã–π –≤–∏–¥–æ—Å –æ—Ç —Ç—Ä–∞–º–ø–∞
VVULoKYA__Q;–î–æ–Ω–∞–ª—å–¥ –¢—Ä–∞–º–ø: –ø—Ä–∞–≤–¥–∏–≤–∞—è –≥–æ–ª–ª–∏–≤—É–¥—Å–∫–∞—è –∏—Å—Ç–æ—Ä–∏—è;19.06.2015 5:32:54;301782;1718;103;4;4;–ë–ª—è, –ø–æ–¥ –ø–æ–ª—É–±–æ–∫—Å —Å—Ç—Ä–∏–∂–∫–∞ ~ 200—Ä—É–±. –ó–∞—á–µ–º —Ö–æ–¥–∏—Ç—å —Å —Ç–∞–∫–∏–º –ø–æ–∑–æ—Ä–æ–º –Ω–∞ –≥–æ–ª–æ–≤–µ?
VVULoKYA__Q;–î–æ–Ω–∞–ª—å–¥ –¢—Ä–∞–º–ø: –ø—Ä–∞–≤–¥–∏–≤–∞—è –≥–æ–ª–ª–∏–≤—É–¥—Å–∫–∞—è –∏—Å—Ç–æ—Ä–∏—è;19.06.2015 5:32:54;301782;1718;103;4;4;–ë—É–¥—É—â–∏–π –ø—Ä–µ–∑–∏–¥–µ–Ω—Ç –ê–º–µ—Ä–∏–∫–∏ 
v51JtDa_i-s;–î–æ–Ω–∞–ª—å–¥ –¢—Ä–∞–º–ø - –±–∏–æ–≥—Ä–∞—Ñ–∏—è (–¥–æ —Ç–æ–≥–æ –∫–∞–∫ —Å—Ç–∞–ª –ø—Ä–µ–∑–∏–¥–µ–Ω—Ç–æ–º –°–®–ê);02.12.2015 7:59:40;155247;677;58;1;1;KazTranslate ‚Äì —ç—Ç–æ –Ω–æ—Ç–∞—Ä–∏–∞–ª—å–Ω–æ –∑–∞–≤–µ—Ä–µ–Ω–Ω—ã–µ –ø–µ—Ä–µ–≤–æ–¥—ã –¥–æ–∫—É–º–µ–Ω—Ç–æ–≤ –≤ –ê–ª–º–∞—Ç—ã –∏ –ê—Å—Ç–∞–Ω–µ.
v51JtDa_i-s;–î–æ–Ω–∞–ª—å–¥ –¢—Ä–∞–º–ø - –±–∏–æ–≥—Ä–∞—Ñ–∏—è (–¥–æ —Ç–æ–≥–æ –∫–∞–∫ —Å—Ç–∞–ª –ø—Ä–µ–∑–∏–¥–µ–Ω—Ç–æ–º –°–®–ê);02.12.2015 7:59:40;155247;677;58;1;1;–î–æ–Ω–∞–ª—å–¥ —Ç–∏–ø–∏—á–Ω—ã–π –ø—Ä–æ–¥—É–∫—Ç —Å–≤–æ–µ–π —Å—Ç—Ä–∞–Ω—ã.
v51JtDa_i-s;–î–æ–Ω–∞–ª—å–¥ –¢—Ä–∞–º–ø - –±–∏–æ–≥—Ä–∞—Ñ–∏—è (–¥–æ —Ç–æ–≥–æ –∫–∞–∫ —Å—Ç–∞–ª –ø—Ä–µ–∑–∏–¥–µ–Ω—Ç–æ–º –°–®–ê);02.12.2015 7:59:40;155247;677;58;1;1;–ß–æ —Ç–∞–∫–æ–µ –ø–ª–æ—Ö–æ–µ –∫–∞—á–µ—Å—Ç–≤–æ –≤–∏–¥–µ–æ
v51JtDa_i-s;–î–æ–Ω–∞–ª—å–¥ –¢—Ä–∞–º–ø - –±–∏–æ–≥—Ä–∞—Ñ–∏—è (–¥–æ —Ç–æ–≥–æ –∫–∞–∫ —Å—Ç–∞–ª –ø—Ä–µ–∑–∏–¥–µ–Ω—Ç–æ–º –°–®–ê);02.12.2015 7:59:40;155247;677;58;1;1;–ú–æ–ª–æ–¥–µ—Ü! –ö—Ç–æ —Ö–æ—á–µ—Ç —Ç–æ—Ç —Å–≤–æ–µ–≥–æ –ø–æ–ª—É—á–∏—Ç! –°–∏–ª–∞, –≤–æ–ª—è –∏ —É–º –≤–æ—Ç –Ω–∞–ª–∏—á–∏–µ —É—Å–ø–µ—Ö–∞!
v51JtDa_i-s;–î–æ–Ω–∞–ª—å–¥ –¢—Ä–∞–º–ø - –±–∏–æ–≥—Ä–∞—Ñ–∏—è (–¥–æ —Ç–æ–≥–æ –∫–∞–∫ —Å—Ç–∞–ª –ø—Ä–µ–∑–∏–¥–µ–Ω—Ç–æ–º –°–®–ê);02.12.2015 7:59:40;155247;677;58;1;1;–≠—Ç–æ—Ç —á–µ–ª–æ–≤–µ–∫ —Å–≤–æ–∏–º–∏ —Å–∏–ª–∞–º–∏ –¥–æ–±–∏–ª—Å—è &quot;–ê–º–µ—Ä–∏–∫–∞–Ω—Å–∫–æ–π –º–µ—á—Ç—ã&quot;, –æ –∫–æ—Ç–æ—Ä–æ–π –º–µ—á—Ç–∞–µ—Ç —á—É—Ç—å-–ª–∏ –Ω–µ –∫–∞–∂–¥—ã–π —á–µ–ª–æ–≤–µ–∫ –ø–ª–∞–Ω–µ—Ç—ã
v51JtDa_i-s;–î–æ–Ω–∞–ª—å–¥ –¢—Ä–∞–º–ø - –±–∏–æ–≥—Ä–∞—Ñ–∏—è (–¥–æ —Ç–æ–≥–æ –∫–∞–∫ —Å—Ç–∞–ª –ø—Ä–µ–∑–∏–¥–µ–Ω—Ç–æ–º –°–®–ê);02.12.2015 7:59:40;155247;677;58;1;1;–ú—É–∂–∏–∫ –Ω–µ –ø–ª–æ—Ö–æ–π,–Ω–æ –¥—É–º–∞–µ—Ç –∑–∞—Ç—ã–ª–∫–æ–º,–∫–∞–∫ –ñ–∏—Ä–∏–Ω–æ–≤—Å–∫–∏–π,–∞ —ç—Ç–æ –¥—É—Ö –ò–º–ø–µ—Ä–∞—Ç–æ—Ä–æ–≤!–î—É–º–∞–π—Ç–µ —Å–∞–º–∏!–í—Å—ë —Å –í–∞–º–∏!!
v51JtDa_i-s;–î–æ–Ω–∞–ª—å–¥ –¢—Ä–∞–º–ø - –±–∏–æ–≥—Ä–∞—Ñ–∏—è (–¥–æ —Ç–æ–≥–æ –∫–∞–∫ —Å—Ç–∞–ª –ø—Ä–µ–∑–∏–¥–µ–Ω—Ç–æ–º –°–®–ê);02.12.2015 7:59:40;155247;677;58;1;1;–ú–æ–≥—É —Ç–æ—á–Ω–æ —Å–∫–∞–∑–∞—Ç—å, —á—Ç–æ —ç—Ç–æ—Ç —Ä—ã–∂–∏–π –∫–ª–æ—É–Ω –¥—Ä—É–∂–∏—Ç —Å —Å–∞—Ç–∞–Ω–æ–π, –∫–∞–∫  –∏ –ü—É—Ç–∏–Ω.
v51JtDa_i-s;–î–æ–Ω–∞–ª—å–¥ –¢—Ä–∞–º–ø - –±–∏–æ–≥—Ä–∞—Ñ–∏—è (–¥–æ —Ç–æ–≥–æ –∫–∞–∫ —Å—Ç–∞–ª –ø—Ä–µ–∑–∏–¥–µ–Ω—Ç–æ–º –°–®–ê);02.12.2015 7:59:40;155247;677;58;1;1;–ß–µ–ª–æ–≤–µ–∫ –Ω–µ–∑–∞—É—Ä—è–¥–Ω—ã–π, –Ω–æ –∏ –≤ —Ç–æ –∂–µ –≤—Ä–µ–º—è –æ–±–ª–∞–¥–∞—Ç–µ–ª—å –∫–ª–æ—É–Ω—Å–∫–æ–≥–æ –ø–æ–≤–µ–¥–µ–Ω–∏—è. –ù–µ–≤–æ–∑–º–æ–∂–Ω–æ –Ω–∞–¥ –Ω–∏–º –Ω–µ —Å–º–µ—è—Ç—å—Å—è: –Ω–∞–¥ –µ–≥–æ –º–∞–Ω–µ—Ä–∞–º–∏, —É–∂–∏–º–∫–∞–º–∏, –ø–æ–≤–µ–¥–µ–Ω–∏–µ–º.
v51JtDa_i-s;–î–æ–Ω–∞–ª—å–¥ –¢—Ä–∞–º–ø - –±–∏–æ–≥—Ä–∞—Ñ–∏—è (–¥–æ —Ç–æ–≥–æ –∫–∞–∫ —Å—Ç–∞–ª –ø—Ä–µ–∑–∏–¥–µ–Ω—Ç–æ–º –°–®–ê);02.12.2015 7:59:40;155247;677;58;1;1;—è –≤–∞–º —Ä–∞—Å—Å–∫–∞–∂—É –∫–∞–∫ –¥–æ–±–∏—Ç—å—Å—è —É—Å–ø–µ—Ö–∞ ))) –∑–∞—Ö–≤–∞—Ç–∏—Ç—å –≤–ª–∞—Å—Ç—å –≤ –†–æ—Å—Å–∏–∏ –∏ –∫–∞—á–∞—Ç—å –Ω–µ—Ñ—Ç—å –∏ –≥–∞–∑ –∏ –≤—ã —Å—Ç–∞–Ω–µ—Ç–µ —Å–∞–º—ã–º–∏ –±–æ–≥–∞—Ç—ã–º–∏ –≤ –º–∏—Ä–µ !
v51JtDa_i-s;–î–æ–Ω–∞–ª—å–¥ –¢—Ä–∞–º–ø - –±–∏–æ–≥—Ä–∞—Ñ–∏—è (–¥–æ —Ç–æ–≥–æ –∫–∞–∫ —Å—Ç–∞–ª –ø—Ä–µ–∑–∏–¥–µ–Ω—Ç–æ–º –°–®–ê);02.12.2015 7:59:40;155247;677;58;1;1;–∞–º–µ—Ä–∏–∫–∞–Ω—Ü—ã –Ω–µ –ª—é–±—è—Ç –∞–ª–∏–≥–∞—Ä—Ö–æ–≤ ,–∫–∞–∫ –∏ –º—ã —Å–≤–æ–∏—Ö ,—Ç–∞–∫ –∫–∞–∫ –≤—Å–µ –¥–µ–Ω—å–≥–∏ —ç—Ç–æ –æ–±–º–∞–Ω –Ω–∞—Ä–æ–¥–∞
v51JtDa_i-s;–î–æ–Ω–∞–ª—å–¥ –¢—Ä–∞–º–ø - –±–∏–æ–≥—Ä–∞—Ñ–∏—è (–¥–æ —Ç–æ–≥–æ –∫–∞–∫ —Å—Ç–∞–ª –ø—Ä–µ–∑–∏–¥–µ–Ω—Ç–æ–º –°–®–ê);02.12.2015 7:59:40;155247;677;58;1;1;–∫–∞–ø–∏—Ç–∞–ª–∏–∑–º -–æ–¥–∏–Ω –≤–æ—Ä—É–µ—Ç ,–ø–æ–∫–∞–∑—ã–≤–∞–µ—Ç –±—ã–¥–ª—É –∫–∞–∫–æ–π –æ–Ω –∫—Ä—É—Ç–æ–π ,–±—ã–ª–æ –µ–≥–æ –∑–∞ —ç—Ç–æ –ª—é–±–∏—Ç )))
v51JtDa_i-s;–î–æ–Ω–∞–ª—å–¥ –¢—Ä–∞–º–ø - –±–∏–æ–≥—Ä–∞—Ñ–∏—è (–¥–æ —Ç–æ–≥–æ –∫–∞–∫ —Å—Ç–∞–ª –ø—Ä–µ–∑–∏–¥–µ–Ω—Ç–æ–º –°–®–ê);02.12.2015 7:59:40;155247;677;58;1;1;–Ω–∏—á—ë—Å–µ, —Å–º–æ—Ç—Ä—é —Ä–æ–ª–∏–∫ –≤ –¥–µ–Ω—å –µ–≥–æ —Ä–æ–∂–¥–µ–Ω–∏—è
v51JtDa_i-s;–î–æ–Ω–∞–ª—å–¥ –¢—Ä–∞–º–ø - –±–∏–æ–≥—Ä–∞—Ñ–∏—è (–¥–æ —Ç–æ–≥–æ –∫–∞–∫ —Å—Ç–∞–ª –ø—Ä–µ–∑–∏–¥–µ–Ω—Ç–æ–º –°–®–ê);02.12.2015 7:59:40;155247;677;58;1;1;–ø—É—Ç–∏–Ω —Ç–µ–±—è —É–±–µ—Ç –∏ –∑–∞–±–µ—Ä–µ—Ç —Ç–≤–æ–µ –±–æ–≥–∞—Ç—Å—Ç–≤–æ
v51JtDa_i-s;–î–æ–Ω–∞–ª—å–¥ –¢—Ä–∞–º–ø - –±–∏–æ–≥—Ä–∞—Ñ–∏—è (–¥–æ —Ç–æ–≥–æ –∫–∞–∫ —Å—Ç–∞–ª –ø—Ä–µ–∑–∏–¥–µ–Ω—Ç–æ–º –°–®–ê);02.12.2015 7:59:40;155247;677;58;1;1;–¥–µ–π—Å—Ç–≤–∏—Ç–µ–ª—å–Ω–æ –¥–æ—Å—Ç–æ–π–Ω—ã–π —á–µ–ª–æ–≤–µ–∫!
v51JtDa_i-s;–î–æ–Ω–∞–ª—å–¥ –¢—Ä–∞–º–ø - –±–∏–æ–≥—Ä–∞—Ñ–∏—è (–¥–æ —Ç–æ–≥–æ –∫–∞–∫ —Å—Ç–∞–ª –ø—Ä–µ–∑–∏–¥–µ–Ω—Ç–æ–º –°–®–ê);02.12.2015 7:59:40;155247;677;58;1;1;–†—ã–∂–µ–Ω—å–∫–∏–π –ø—Ä–æ—Ç–∏–≤–Ω–µ–Ω—å–∫–∏–π –∏–¥–µ–æ—Ç
v51JtDa_i-s;–î–æ–Ω–∞–ª—å–¥ –¢—Ä–∞–º–ø - –±–∏–æ–≥—Ä–∞—Ñ–∏—è (–¥–æ —Ç–æ–≥–æ –∫–∞–∫ —Å—Ç–∞–ª –ø—Ä–µ–∑–∏–¥–µ–Ω—Ç–æ–º –°–®–ê);02.12.2015 7:59:40;155247;677;58;1;1;–û–Ω  –ó–Ω–∞–µ—Ç —á—Ç–æ –Ω–∞–¥–æ –¥–µ–ª–∞—Ç—å. –£–º–µ–Ω–∏–µ —á–µ–ª–æ–≤–µ–∫!
v51JtDa_i-s;–î–æ–Ω–∞–ª—å–¥ –¢—Ä–∞–º–ø - –±–∏–æ–≥—Ä–∞—Ñ–∏—è (–¥–æ —Ç–æ–≥–æ –∫–∞–∫ —Å—Ç–∞–ª –ø—Ä–µ–∑–∏–¥–µ–Ω—Ç–æ–º –°–®–ê);02.12.2015 7:59:40;155247;677;58;1;1;–¢—Ä–∞–º–ø —É–º–µ–Ω–∏–µ —á–µ–ª–æ–≤–µ–∫.
v51JtDa_i-s;–î–æ–Ω–∞–ª—å–¥ –¢—Ä–∞–º–ø - –±–∏–æ–≥—Ä–∞—Ñ–∏—è (–¥–æ —Ç–æ–≥–æ –∫–∞–∫ —Å—Ç–∞–ª –ø—Ä–µ–∑–∏–¥–µ–Ω—Ç–æ–º –°–®–ê);02.12.2015 7:59:40;155247;677;58;1;1;–°—Ä–æ—á–Ω–æ —Ç–µ–ª–µ—Ñ–æ–Ω –Ω–∞ —Ç–≤–∏—Ç—Ç–æ—Ä –∂–¥—É —Å—Ä–æ—á–Ω–æ!!!
v51JtDa_i-s;–î–æ–Ω–∞–ª—å–¥ –¢—Ä–∞–º–ø - –±–∏–æ–≥—Ä–∞—Ñ–∏—è (–¥–æ —Ç–æ–≥–æ –∫–∞–∫ —Å—Ç–∞–ª –ø—Ä–µ–∑–∏–¥–µ–Ω—Ç–æ–º –°–®–ê);02.12.2015 7:59:40;155247;677;58;1;1;–¢–∞–∫ –∫–∞–∫ –∂–µ –æ–Ω —É–∫–ª–æ–Ω–∏–ª—Å—è –æ—Ç –≤–æ–µ–Ω–Ω–æ–π —Å–ª—É–∂–±—ã.77???
v51JtDa_i-s;–î–æ–Ω–∞–ª—å–¥ –¢—Ä–∞–º–ø - –±–∏–æ–≥—Ä–∞—Ñ–∏—è (–¥–æ —Ç–æ–≥–æ –∫–∞–∫ —Å—Ç–∞–ª –ø—Ä–µ–∑–∏–¥–µ–Ω—Ç–æ–º –°–®–ê);02.12.2015 7:59:40;155247;677;58;1;1;–° —Ç–∞–∫–∏—Ö –ª—é–¥–µ–π –∏ –ø–∏—à—É—Ç—Å—è –∫–Ω–∏–≥–∏!
v51JtDa_i-s;–î–æ–Ω–∞–ª—å–¥ –¢—Ä–∞–º–ø - –±–∏–æ–≥—Ä–∞—Ñ–∏—è (–¥–æ —Ç–æ–≥–æ –∫–∞–∫ —Å—Ç–∞–ª –ø—Ä–µ–∑–∏–¥–µ–Ω—Ç–æ–º –°–®–ê);02.12.2015 7:59:40;155247;677;58;1;1;—á–µ–º –±–æ–ª—å—à–µ –∏–Ω—Ñ–æ—Ä–º–∞—Ü–∏—è –æ –¢—Ä–∞–º–ø–µ —Ç–µ–º –±–æ–ª—å—à–µ –ú–Ω–µ –æ–Ω —Å–∏–º–ø–∞—Ç–∏—á–µ–Ω...:))
v51JtDa_i-s;–î–æ–Ω–∞–ª—å–¥ –¢—Ä–∞–º–ø - –±–∏–æ–≥—Ä–∞—Ñ–∏—è (–¥–æ —Ç–æ–≥–æ –∫–∞–∫ —Å—Ç–∞–ª –ø—Ä–µ–∑–∏–¥–µ–Ω—Ç–æ–º –°–®–ê);02.12.2015 7:59:40;155247;677;58;1;1;–°–æ–≤—Ä–µ–º–µ–Ω–Ω—ã–π –ü—Ä–µ–∑–∏–¥–µ–Ω—Ç, –∫–æ—Ç–æ—Ä–æ–≥–æ –°–®–ê, –Ω–∞–∫–æ–Ω–µ—Ü, –¥–æ–∂–¥–∞–ª–∏—Å—å.
v51JtDa_i-s;–î–æ–Ω–∞–ª—å–¥ –¢—Ä–∞–º–ø - –±–∏–æ–≥—Ä–∞—Ñ–∏—è (–¥–æ —Ç–æ–≥–æ –∫–∞–∫ —Å—Ç–∞–ª –ø—Ä–µ–∑–∏–¥–µ–Ω—Ç–æ–º –°–®–ê);02.12.2015 7:59:40;155247;677;58;1;1;<a href="http://ref.spincoin.ru/?ref=135362089">http://ref.spincoin.ru/?ref=135362089</a>
v51JtDa_i-s;–î–æ–Ω–∞–ª—å–¥ –¢—Ä–∞–º–ø - –±–∏–æ–≥—Ä–∞—Ñ–∏—è (–¥–æ —Ç–æ–≥–æ –∫–∞–∫ —Å—Ç–∞–ª –ø—Ä–µ–∑–∏–¥–µ–Ω—Ç–æ–º –°–®–ê);02.12.2015 7:59:40;155247;677;58;1;1;–ö—Ç–æ —Å–º–æ—Ç—Ä–∏—Ç –ø–æ—Å–ª–µ –ø–æ–±–µ–¥—ã –¢—Ä–∞–º–ø–∞ –Ω–∞ –≤—ã–±–æ—Ä–∞—Ö —Å—Ç–∞–≤—å –ª–∞–π–∫.
v51JtDa_i-s;–î–æ–Ω–∞–ª—å–¥ –¢—Ä–∞–º–ø - –±–∏–æ–≥—Ä–∞—Ñ–∏—è (–¥–æ —Ç–æ–≥–æ –∫–∞–∫ —Å—Ç–∞–ª –ø—Ä–µ–∑–∏–¥–µ–Ω—Ç–æ–º –°–®–ê);02.12.2015 7:59:40;155247;677;58;1;1;–£—Å–ø–µ—Ö –∏ –±–æ–≥–∞—Ç—Å—Ç–≤–æ –∏ –µ—â—ë —É–º
v51JtDa_i-s;–î–æ–Ω–∞–ª—å–¥ –¢—Ä–∞–º–ø - –±–∏–æ–≥—Ä–∞—Ñ–∏—è (–¥–æ —Ç–æ–≥–æ –∫–∞–∫ —Å—Ç–∞–ª –ø—Ä–µ–∑–∏–¥–µ–Ω—Ç–æ–º –°–®–ê);02.12.2015 7:59:40;155247;677;58;1;1;—Ç—Ä–∞–º–ø –º–æ–≥ –∏ —Å–∞–º —Å–µ–±—è —Ç—Ä–∞—Ö–∞—Ç—å —Ä–∞–∑ —Ç–∞–∫ –ª—é–±–∏—Ç —Å–µ–±—è
